return_code,payload,latency,start_time,thread,throughput
200,"{""signature"":""0xa3bbe99402628f7ca491642f4f25461353ea950ec3f011c1a77b6b26b06457ad45c4645407998ed6e1831fc6d1538ece04ed0b6bb525e3c16eab189d452033eb10a8a80383130519840a98d5359e744185546ce49e2bd5324d20afa188856657""}",0.11106985100013844,7874.26429996,ForkPoolWorker-5,60
200,"{""signature"":""0xa85979510da2ad837f07599bfda75d7db5b2689576e6c8a8a2662a3889e2dff7cdb492c2d0a157451b3140cc9432dadc03d15c998da0440527fb971abcbe3a1be8a65c128e8c7d206005c906a23761b71f6b854934e61f390908049852cff089""}",0.07425972399960301,7882.270229075,ForkPoolWorker-5,60
200,"{""signature"":""0x908597c3c59daed8360b40bbf73ad3d341e1dd3dcfd7a09833f550196f32cdd68e03dcd29f9610e8ea127b5ee427988007ae5f7c395d0483468facfb685922a66969d9cb2536baf50ceeca2c86d9d08a8a34a254dfa572c28f0b1990a2805e35""}",0.0584731440003452,7890.278717423,ForkPoolWorker-5,60
200,"{""signature"":""0xa37609be1952c49e6647cdd429aa5776bde80bd2f7eac863e9e26919776753fd2059d2d167d34e6ef93cb500e82b10f519c473cbabc7ae3ce6c660a63dd16b5834b8147650253767332d1b171169eef920ab9b0c55b32a166670a902822ba73d""}",0.05366816999958246,7898.280184463,ForkPoolWorker-5,60
200,"{""signature"":""0xaa685cf0f989d265e547694b200e300c1ae58657043c1678a216e62f6d04ef751933555df0da1e21e87687074f9ed3f30b47e7dc29604f988bed185dc7a87fb9ef2c58d81fb387e049463f8e56574eead0352f791087dbaf9b5069fef6363cfd""}",0.0543508999999176,7906.289129048,ForkPoolWorker-5,60
200,"{""signature"":""0xaa51de3a092234f86c879df36a6ad72a0e10d69736acdf6170d5f309b955187703a15930cc71efd90b17e8d84b5b0f2609bdacb0a58c2f7de86c0c281f8cbb2ae09d467e74571b31bd728c48c227e49e6b6eb6e8c027b7a6e9a6ebb8e2f32f1a""}",0.07951008500003809,7914.290949618,ForkPoolWorker-5,60
200,"{""signature"":""0xb3aca6b42485d8655eba9362e1027e25e4bee432f943eaaa7fde0835d1a03c3b6af8ac250fbfea3eabe7d02acfe175cd149395ffebf61c45101f7acaba4e2607e5165b9588fdabcec3b1751e4ded310711ab42648623e003a2651229be483c16""}",0.057737189999897964,7922.296418545,ForkPoolWorker-5,60
200,"{""signature"":""0xaf1e53af86009037d85ca6bdb8ac5a3de96ca389d8cd80d2855e6ef5dc44f3fb91d75627400c5d78d3996518d34d447015b11e832282cfe879f825636836ff24a0346302b4077f404bacad20ff2638878a5ea3ffcdc6a72ef956a32a52d98c85""}",0.06734045799930755,7930.306461504,ForkPoolWorker-5,60
200,"{""signature"":""0xb7e22496372175f4178e10f6e568f2131f7d14945a989694d16345d98739c561f83e7c9a82c4ae27d876922c36f1443200c40eba839099cc7e89a5780087c961ff897e531204170cbc0e0ab16be266456b3799de8fac15e40e27258675f32e70""}",0.08511040899975342,7938.315077115,ForkPoolWorker-5,60
200,"{""signature"":""0xa068657f68a5fa6a4bc9468d498bf683f782742b8022c0e5b35ace67cd9307d34413768dad2ad1e7de69ba8233dedc2a13dc69116107077329e503bb29df288202b6238b666b19a3a2944de4dc80735c872e18e8c2c802d5090a130bf9bb868e""}",0.08464882399948692,7946.323382108,ForkPoolWorker-5,60
200,"{""signature"":""0xa6c5ce9f149bcd321b39617a298035f33b50f71a7de4bdea844a669d33bb09a34ffa42bfa93636cc7a46f195ccd5be3b18f6432b25dea44073aefc091f65964c17f072d5fac02998c8c4506d14c5026cd57045303c0f03e4c60408d3c9b717ab""}",0.08458288100064237,7954.330175089,ForkPoolWorker-5,60
200,"{""signature"":""0xa9582ad568cbd472e9705dda3004f368d2c9244b96be3834a9dd60ee3abb1fad549eb5f025823b10219cdf0c59603bf30d696e3324218d02f9329009013d46ababad16f5e75b4ec17f324d2c7c25cec9883f362d2651a5c7b142f4b542e3d838""}",0.08662312399974326,7962.338972593,ForkPoolWorker-5,60
200,"{""signature"":""0xb7bad11e98b653850d56e0b32721c9673b79d63997cb4cfaa121b1103a2dbf66d3f7f1d244cf497c57979f2df9e1d883021200a43d7c4061a71260cead67953a3735264db657f5897120e9037b811f5879fc300a7828ec203a01d62a44f7d351""}",0.1239901019998797,7874.2770665,ForkPoolWorker-6,60
200,"{""signature"":""0x8dd1f1939c040be573ab18658d3f2c6148485af0806e9f46837b1e2d61065d26224295dd87a1fe1f3541aed84d7646a514ad04d9615d2956ccb1473a93f59b4bc040974b07f19250e4730b777311eff798e5f5be92dbc211c794145e8fa9aae0""}",0.08118995899985748,7882.280817242,ForkPoolWorker-6,60
200,"{""signature"":""0xaf59d1856612a58f8f6e789bb4ea0b7f603d163832c43701630bc0aae4a5db653f07f431dafb02b9ff9292b0d4cbab690fc2fcd18e825edac08e41999457f6944a5799df3728c757d7edbeb26c56e8433aa5fac7087e50fa8f786d5511700fac""}",0.07903074699970603,7890.29015822,ForkPoolWorker-6,60
200,"{""signature"":""0xaa7aa1979bdd80280de4c33df740e1a58632ccc4aa8531eef05733c177808e5b7cac72a0cbb78a776a9c19abd1104bbf0107aa32446ce7c80bbe46d4e5a7fef4b278852d9d3f6ebba0535200eb5925b5335ec4e2fd05f3dc15f237a0a39ab09b""}",0.07999125399965124,7898.298401568,ForkPoolWorker-6,60
200,"{""signature"":""0xa10287b2865162bd58417814edbcf40940dcc7b6f77b956b46affad7875508cf29b5c41422ae204b5e9e35d0e3dbd05103204562c278c51e2e840e3bc2a719d1d3617b1bbb63d184b203f8295e2ba6dfb4695dcd3b12dd06714df05f4e421331""}",0.07553448199996637,7906.300144281,ForkPoolWorker-6,60
200,"{""signature"":""0xb2a5921d7ca19c87e25bb0fba7d792e4a7ef41018eb353ac6d4fb0df8dfbf03a871837ad9000c260e3b3a179e9c8f23b116625f2663dfb71d2ee308e6cd2012d0a5b8f9b598057d10dd19b516d405ce34cf1de8cc0971613ed2a07b85ba689a1""}",0.11173336699994252,7914.308866757,ForkPoolWorker-6,60
200,"{""signature"":""0xa3481b04ae1f04188af721552ef803c5a787675ef0bf97b99550cfb2bcd9e7ea9c467b0fa48e17e2e4e532020f4c8b901791b8722f76d9ef70c40f56f1b342776ecfa0c3bbfd31962896d494377f62db171cae49786d6f2692d4af0fa5d71557""}",0.06834593100029451,7922.310174611,ForkPoolWorker-6,60
200,"{""signature"":""0xb10a22e5b330e4f15f60719877f98a88f8079c40cb6cbf3652265d17159825d8853a5d3ddf61933971db7e7e4ca84ec512a5a9d255b61f47d69f0fcd6caf49744c1b4e3afca5b3d4263e6a30e007cff01fda4a4b3b44b4d342c5b36acfb54443""}",0.07475532399985241,7930.318710585,ForkPoolWorker-6,60
200,"{""signature"":""0x8acf7f436207c0af674ce6fdc651cf8db78a3d60a80e778433a8d842422696d841df269d90809a57817abd07d85e9fe80370b8e212575acf427c8c8e58a76d230d1865adaa140d63c5153f775a501b71500ae82108461459b26835320466d83d""}",0.09242967699992732,7938.324601439,ForkPoolWorker-6,60
200,"{""signature"":""0x99200632d9a1f9874f5b155ff0506ac73423bed531adc4eebc7d504323f7ee31653078e8cc84119d750052e909a93ba00985c19f4a2600954450fc719907e5d8a46a17a2250e1a060464503fdd7973449f01d01796573880b0cb45d73510b24c""}",0.07269864799945935,7946.333240341,ForkPoolWorker-6,60
200,"{""signature"":""0x862c2e741a74ae7dd845be990409e83a8190c965c646ec6254195169ef78c51de28d2b5494c648b565dd6ee49181dbd50ae77d7a9f9564d9c0eb8b5519e36c957d0f2788074855d1bd06a0f7d5c49432f33859d6610d4809cefe4356495f12bc""}",0.06953647799946339,7954.34216281,ForkPoolWorker-6,60
200,"{""signature"":""0xb19a1e5ecd17200629df50cf490101befce661d076530fd9347d38a4a684a34b24385aa151a9c9c85e96d921f392a6440d7b197554f0ef445ff23c6d84715a095168695712dfe27acc5374604b9e2a0c5976f63f75dbcff5423831be9a0be522""}",0.09906933499951265,7962.350222932,ForkPoolWorker-6,60
200,"{""signature"":""0xa3cadd8210cc946ca528e9357637352ac66c63b1f5469ded580fadae09916e798468638dace209cfd66ace4f429b504d00627ae69820a641e2bfee2da9ac797abaa7d4c2d9b2d79cd4231d92eb415a416514f8f1d1061722d66c1021b3d31f7f""}",0.11844971499976964,7874.270564653,ForkPoolWorker-7,60
200,"{""signature"":""0xaf302b0b22ec8b8eb6fd0dba7310103e8791dd9823b8b6b4717eadcecd7d31740988fe8d497fbe7526c000df0e41ec7d09ff2df1e08700712799980b0895574a863b6d1b22488e5fa11b5b33eca85627529eebf1158ab0391ae029f7f3ed899f""}",0.10228945900053077,7874.264299717,ForkPoolWorker-1,60
200,"{""signature"":""0xa1ee2f226c343204d077d10c024613e6c432138b20494a9a68ceeaac5bface69b36b70c553407e7903fa23bc869cf24000cae3f5d206c19ad97639e5055ca25f251b31bbc494204983800fc21ce1515ee133abc998bdbc25c5307e79d96023c5""}",0.12410314700082381,7874.277739519,ForkPoolWorker-8,60
200,"{""signature"":""0xa33f7ade639c12162f01c516846999e6ae7660bc889a7df151c8492747dbefc87a5ec66eb540e5d79a7f64df4b64838713e4192f43ca200ed943ea4da78e97f6c63e7cbb66dbce44e58886f9c9cbccb5c404b7052633ac0164e8c145b007e865""}",0.09725780699955067,7882.280245486,ForkPoolWorker-7,60
200,"{""signature"":""0xb530a816227c26017800495210fdeb56b2e8515690962a513e0836bd81d65dedef0eebaf20daf392813cb94f75023ced0ebe55da525ed44429f2935f4d8f3b1cb095d59c03a2dec6f0419c49d4372830b1c3bd26e7d0aff1f52c0b8101c559b4""}",0.08477053200022056,7882.280211021,ForkPoolWorker-8,60
200,"{""signature"":""0xa867a42f3612dd93af2f62de6d2b63cfcbd6dc9ffc5aca476dc2129561eb4a612795168d11264784ae20f3be6ea6d47c02dd0733e0b4bc52ceb478c34caa89292762f18ac21fa35160b02450f05e4642c1588458b3eef2d80fb996688517957a""}",0.09666689900041092,7882.270254964,ForkPoolWorker-1,60
200,"{""signature"":""0xa6f6bd466a6c79b5463c41242ab6d9106d653e8b7d31e50b1dd4e54cddceeef117af2e1d2d8c3e909204e94f4659179f07bac46cda945ba2ff00ed3c2b6011d3506c04f395950aa1a643cbace43a53aceeade697740ae951b765f248dc0dee68""}",0.10091844599992328,7890.288710962,ForkPoolWorker-7,60
200,"{""signature"":""0x8db59c4d805e3b6131740cf4d9ad46384cd23b8344bba4863a4de22dbcf93039cde88143c2a5ddd48bec5927beea1f080e9a7f1e4c594de8aa22b7129ad36ea11ce0b9517ea8cf2259f92de5ade37cac73584831ba327b7a698fa5fc4fb25b07""}",0.08093885299967951,7890.289137818,ForkPoolWorker-8,60
200,"{""signature"":""0x8e631822c0d5b033346156b5c89b261b0742967a4b56202add5dbbe732012812a5064591a2c8686763eb10ce8545dba810596107b51d4decbfcd3a0ce13e658d35592cbe37a65c90c10c935886cddeac0d528ae4f0616180ddaf396125a1db36""}",0.06908026800010703,7898.290191636,ForkPoolWorker-7,60
200,"{""signature"":""0xaed4bfdfa7b68e0c4ed57a056ce8ab7611a7afcefcd3a04cc7afbb5d23296d01c16a2687f2047276cbb207a84fb6aae2015327ce9f54e030e6d7a4ff8dd7b12c2a83b5e7284a1271affcb8ea40fd63189a1ec7ac2cf21c2be1a15bd47303997b""}",0.10157876800076338,7890.279083201,ForkPoolWorker-1,60
200,"{""signature"":""0xb5452ec3ee3ae8359e9ed2788d88d5cac3caa9b930b41a7664933aa1c968e0bf8385a971fbaa2eecb132a6d9e7d5d79512c3d2a3c14c047710c7bf2fa51f0164ffed5575de90b9fa6442fc6c1da922ef1df96e04e0cf6fb8e44f3afb5bbda04d""}",0.08036002300013934,7898.298261402,ForkPoolWorker-8,60
200,"{""signature"":""0xa61f06dbd2094e1314025e17d44a7993e8207c00758897f01d6d23ee23af07dc563d06c7f8e964044772b95c8e1a88fe07be27fbe0af6d6b91d3f46a5d323273b216814c08361d848829be818f55e87b69c747d42562fcff6bf5e97ed180e984""}",0.07427379000000656,7898.287829062,ForkPoolWorker-1,60
200,"{""signature"":""0x8b875bd6c1cfd5b699920219fbbe4a420bc29fa3d8f02ba83c37270f373546082e3e509755bc3ff7cba7254f302fde4f00b9abd8d9928826b5b204d42c7bb148c8ccf821b2df0e2d24b4c7249040e8fddd13e68fa99d0a12f264daaee59641ac""}",0.07379664199925173,7906.300148326,ForkPoolWorker-8,60
200,"{""signature"":""0x981d2b7be31b425220788c5ce35959f240c804e4131382e4a48a11176f63e0207ddbfce5a5abb2c0ae346536d32400e70d61400d817ccb043d7d3d6982dd8435f5cf9baf6e0c1a3f9704fbbb4056c097414b2cb6dcc921a79c1a73a7ca20c94b""}",0.0694139270008236,7906.29020988,ForkPoolWorker-1,60
200,"{""signature"":""0xa6597bc8950b007395bff68db79e47eba51ed74eeae5ef8df5788b2701c88d8d541276d8a0319bbbee50435148b37db81583a55b55e9930de996e9e1701c64513bd354ffe81862302f0ba8390481faa402856371d647b25f18ff4f0db14df963""}",0.11162165499990806,7914.310158211,ForkPoolWorker-8,60
200,"{""signature"":""0x8febd68cefa0ede640fd2665293148e4a97bc44ed87651469c1c3b191d2b191d950ce30aab4d8f1a17d32918ca332d4711b2a43fddd4c60f9aac83af990b98501f16cd13f0ed7b801a4e09a05e5abc33aeeeef3616022a202b8a7efdd9ae70fc""}",0.07933672000035585,7914.298843183,ForkPoolWorker-1,60
200,"{""signature"":""0xa57f3e00d3c48448bbce5b7c7820a896dfbd7314ce8924e67e563cedd5063834c00b07715746eee37a0be112947c6d810a1fb2e84a9b07eebf28e97c09b01e9836237eb701bf5537dffeb6d56a091e78617542f5f47e14682a3920f7b8029cca""}",0.0634606409994376,7922.307402954,ForkPoolWorker-1,60
200,"{""signature"":""0xb3779b8b74f220499840674c9f3c519c6182c97d6a0f8bd74e84a91233cb56ef81b21bbb025965a0fc77d669dbcd316b039e5d4dbd649b4e950f74afc9e0c57940da3bdb03195f7116ad0c5d79e42e4ab6f8c789f3ef900b32bfecf53d82f8cd""}",0.06875311000021611,7930.316051188,ForkPoolWorker-1,60
200,"{""signature"":""0xb15b3c1f356d51bb732252f12bf03a6fafedf6ef1a3538e0659cef7aef88df55f9ac41f36d9346a15d0786869e68f143182838e9b281918ba3cd4798fef81678a634edf350a4e363291fa1e252b5cc14065d8668d1dc06698e81f0b44cc466cd""}",0.08094860999972298,7938.325046197,ForkPoolWorker-1,60
200,"{""signature"":""0xae8d06809e3fc57b06bd2c57a90b4f71e4424ab4e61fcee05ee3264385fbba661c933667b7f851ca87452f5b27f27f0416835e49220d7f87c5437a32640593432b6cab958de676a8c483b9af2b16253d0f6f23272b414418e1126b79f6dc44be""}",0.08413900600044144,7906.291211901,ForkPoolWorker-7,60
200,"{""signature"":""0xb53e581d411443529358aa8a401d61f3c7fbb039c25b9f0095e360403f196ce8333725a26f61df16af7979b4f05eabc3123c365c08fe9b3d91c5c039d81923a1c2f032ab23e0247011b6000ca447409d5bc5183d3b01791b474cf61a2e1f2def""}",0.07545565100008389,7946.334193697,ForkPoolWorker-1,60
200,"{""signature"":""0x8f0b50c357ba1deb56246cdbdbd1bf18555b5eb4faa7562e208cd5db668befb3ee560e8750b5026d10dda0ee899fda9b13f4fba29f7a17613f8e9615b5ecb33d0892fd7f2330b77258281a3c86d5354d11624a55636da59f52a46f8d8658416a""}",0.0813226290001694,7922.319012995,ForkPoolWorker-8,60
200,"{""signature"":""0xb6840db8c2345bf72fd6c12f2be06ebbf7c6802252700425e711fe99a0ce259f570cfc468a1f7efc38873c9768cf2221037bfc38eaadfd8aca6cb8fc023473e7039adfa35e83591ced1cd62950562ba5263a310612b8d2c15d6bfba097e33a1a""}",0.08447449199957191,7954.342842473,ForkPoolWorker-1,60
200,"{""signature"":""0x86fd34e319aea7101649e61f3f60574bf389a57a2cfe4165e61fa23a600418d42a7589f7f57db1a29f24ca3b5edfefb614559275d35e6b2ffbb1a354a41ceb972ba5357855de1dbb96fc44745c029a032219458cac2031defacd9063cb4e0375""}",0.06839423100063868,7914.299565095,ForkPoolWorker-7,60
200,"{""signature"":""0xa4d3272df22d26c54b233a73f6d81c664da2157a0a5bef3efdb1743dce1d964b71dccb37a11f8e316a5260c61707a76911f968f33a01711d755d7ce29672e9d6e99d2e6408590ef9f92a5e9847f132d60c4a11e31210a0b66fb7c474704a9500""}",0.07580372000029456,7930.32826046,ForkPoolWorker-8,60
200,"{""signature"":""0x95c9ce8618a879878ebc95fdd0b98ffc4642e415b77435d3fd27b5ae59af8a4c8a110b2655a1dc8b648da359447d72e1129915e4be80f6375534f9922bfe9d32f4eb0c2398ec80dfe1562908d71690468d84663b8fe7b83cdf556385ef3e9f19""}",0.09776760000022477,7962.351478148,ForkPoolWorker-1,60
200,"{""signature"":""0x8183cda59338e57e2f66226a025f4f7c20bf1acc083617c890ec894f0998055ef585f4c01cb26947f690bdc64e05718910e2484aa338018568409f9344060436a7b62f6be62787feeeb900cb300a49e4bec44ec74fabf2467bde7f3ba03119a0""}",0.08218957799999771,7922.307403046,ForkPoolWorker-7,60
200,"{""signature"":""0x966691b4c08f935718a1fd286a4db09971f38e728b3e29d8fea34876dc1971935b6d97f0159b6b9070c6359ec8eae2b308be49603a5ed36631f80e842f0c974071bcd914770a32cdc445b7d7ffe1a794fe87baece1ac306338a11ed712553b7f""}",0.09194013100022858,7938.337277978,ForkPoolWorker-8,60
200,"{""signature"":""0xafe120cc4721f471d7b815b9ddb9c077ef747adcbe23974c5810e571be5bbf11f0e475760349d87552de1a4a7ae6dfed0c3738595269c54ffbfd508dfd60b192b0c705d45b7eacb98063822a67648dd93590a43fdb18387e0de5d2ff31a074ab""}",0.11353567399964959,7946.345433307,ForkPoolWorker-8,60
200,"{""signature"":""0x89ae2acfad3506ca9dd8639c144df7ed549c2326210a21375214c6518674f9ebd7098e183bb7731d196f8776de9cfd1e058cd0ea44b784a63a2f381703634d81217a8fde8c2cdf8b4c7114dbb2847a648ce210c3b70580fc4bb0057248ea4fdd""}",0.04621721600051387,7930.315783837,ForkPoolWorker-7,60
200,"{""signature"":""0x94c26d010ba66ab68cf8623f840e3d33e85fe1038be1df88b1b70785c4ab4c309abbbad769ba76230195e4f6678d8ca10c45e3a8f79fa4536c652201852188641896255213f55122f604eb97fdf2e24c2fc2f2b4ae89c8676517b6c03b047397""}",0.08572007500060863,7954.35017955,ForkPoolWorker-8,60
200,"{""signature"":""0x8b151680a67834c54e8d13d0a254f1c9b9d640245b33cef52969df1905f9e81f39421b33c29607dc54d1b7c79b42dfdc0b3dbca23b14af723e3915e99060a048c3b579f297ee760df4360fe7eb88424c38998c763e132689fb96030d32bc6a4a""}",0.08018987299965374,7962.359096735,ForkPoolWorker-8,60
200,"{""signature"":""0xa025dbf8bc9fb06dabf308a3593fbdf42245988436448443d66b6b0a85bca7bf99020249dee25840bc2f7ed74f599d2a0a304e1eeb105bf2b053bb1deed719bebedaa77191d8465591acd4b2cffc0b42faa260b365f12785441569f9a6715f21""}",0.07085603300038201,7938.324584295,ForkPoolWorker-7,60
200,"{""signature"":""0xae041dcb40563b25a52026dbe8bffe4f0bd33af78a4ba7f6eb687c5a70ede6121306f1c83c9a495fc6f18620718124e5163eeb5dd6976e30e9009ffcfbaf480c40501d736caa168a0da5fa21de99cceaf839f6f0ae083f9778fbd2b2e73f64fc""}",0.0739030869999624,7946.33462154,ForkPoolWorker-7,60
200,"{""signature"":""0xaaca0ceace1f3ffe1ba33fe3fa91e8bd5adbde52a3eedcfa7e5733f7a19437df0e8da0f936db9577def30cefafad8a2801d04d83f0f97281d8b8b332a4c02e1ed8d65d8353c9f963cb461a6a589be9d10370cc34650c7602a5132c009a94a515""}",0.07234613700074988,7954.342162894,ForkPoolWorker-7,60
200,"{""signature"":""0x90ada96881897a5275b2339b71d4db49f50701df552039e80abe319bb157260b92ecc4deccdbfa733389f5945c0a464e111ea5469ab09f98e18a2a61be539df119c738d2a7e43e37dc7f89567f4fc45706ed00e0f7ff9d3753fc0b8ed1f88d7b""}",0.07842686800086085,7962.350791157,ForkPoolWorker-7,60
200,"{""signature"":""0xa5bbb38a754a77688868849ce7aa967350438fafb65cb2dd21a063987b9b764af667a831708f43760cec2832b3d4b19e0872a560cad7ad9ec95412a53cf36ed155f568b5a8660dffe0ed2495ed13116460947e1ddac71fb31f3880d797b49738""}",0.09984419900047214,7874.307372341,ForkPoolWorker-4,60
200,"{""signature"":""0x847a5ef06465487fdfd7f74455b7c10e2fc7756fcf8478c6078bbac4994d56dcc60e0a4577118ff61aaf7648b25c608715600c8739bed0b4affec11b905d9a02ec4fac0bc9a483c906559b8f64112a43a7b23f397625a0c83724eff7c4c80419""}",0.07643737600028544,7882.310264181,ForkPoolWorker-4,60
200,"{""signature"":""0x863fae0af9de1ce257c9e957f308961c1966900e7519f0b885e972aea621bc1ca840faaae0c66aa00834001cec09b82813b3c17d7d90c5b950457326cbad8a87874725a67ed4fcf21c5b98fe000ad9b0e0ddcd54e5285692657c76b58b1c7ad8""}",0.0759412870002052,7890.319647843,ForkPoolWorker-4,60
200,"{""signature"":""0xac2d428ee4671ac82d10a18163426cd55590f93ce4b36eedd23984e2967c17e4152e3f96fbdb500d3aebd48cc9b06e8a012387c6933715d462f94a89cc29d50d42557e8ee11fb54513d22011b16e8a9a45b79b80a3266e5390cb1b9f67b5f0fb""}",0.11050259600051504,7874.270555378,ForkPoolWorker-3,60
200,"{""signature"":""0x881c129c128d0cac596e3d1c1bab3781005be934a56679ae9b0aa744f25f529765fa361c6202aa333f079f3cd1bd3af00db1232247e639f0ada666534bf6d944b4ff9f2d98c4191930bd501696166f39fa0eaa772f7ecc0c7ca89223040f95b6""}",0.06420403700030874,7898.320183533,ForkPoolWorker-4,60
200,"{""signature"":""0x8b2a889cc9650f8a9a81d16a246fe75b37b96cb5850bb2fb3b729ed806a7207e331736d32ededb8df8e2f694465bc98c07c22ab52d98dce44237d4714091d13b4d480c85440fb4073e208b076d5e7c58d10d49c2a7bc58d8214fbc902fdafd5a""}",0.07049858600021253,7882.280208219,ForkPoolWorker-3,60
200,"{""signature"":""0xb3d8224dfb3e4df7fd84f719233c2159c68f441f8495249d52d0c6712d1e7e122316b24122c0ebae8f672c809c5d76ad11004294667e41859ba8d4161d61c1d69ddf8e7906e6b4fdd2e47e357851d879c01d4febecdb165db61c91ccdab7d467""}",0.05213786399963283,7906.328559616,ForkPoolWorker-4,60
200,"{""signature"":""0xa1406633200bbc6c9f2cf7e6a902801043fdda47e54241e0687e7a80109bbd0942404280d0eec73b6bde036e319ab6b61507727f80f9c8481b5f9e3fc4b55f49ff446244959ccfe84a2be48921faf5fc57a7f23c74d9071e76b4028de64eedda""}",0.09866082799999276,7890.290084433,ForkPoolWorker-3,60
200,"{""signature"":""0x86b4b6e62a2503e1753e6f5c91bf5119967ed8fb817ed9a6634e2c774983f71c42ac94d1abe0eed8ec401f4fc847003101bbddb463b6480d65e60f9bb35b368645fb4487cc921147310938b98f03b5621fcc2b34214b1996338df8df592e44de""}",0.08658830500007753,7914.33688673,ForkPoolWorker-4,60
200,"{""signature"":""0x941aad5cf54617f2450d81fb4261365be325a96660177f8ade42168c22bb323113b1707e57d22916271092b21a6d33270f574ee423e283c2ebd7964996dd68f8d51dc0f77210753cad57b7ec9d9f9cd06f9ff94f1a91c646ec5d511e6240f01f""}",0.06386744600058591,7922.340158153,ForkPoolWorker-4,60
200,"{""signature"":""0x920230f326e40ba856f6c9fb041c8b152a45897ed65c102fb7a133f15deb17b11a5794e55acbbd98cc81bf285f37a5171980f83476f4134cdc802534d8850ac57fde34513c038e7720375eaac8905aa4247c376e25d6529372f506000b0ef184""}",0.06946247700034291,7930.349189758,ForkPoolWorker-4,60
200,"{""signature"":""0x83a8152de1835d450319b89139acbf50cb0f95b72260cfc08fdfa9943385ab47607572f89eb6f7bfb7cba5fe9c651fc015fee924419268b6352d0ef9d20080da26b6c3aa6805f23136728f1952f36382f92434e78b8ec038eacb8215c70409b4""}",0.09062042299956374,7938.350701915,ForkPoolWorker-4,60
200,"{""signature"":""0x829a8efa9459cc138649f757b8f42db29d4be3bb2b1f2fd45bdea3d5b0af39be53fd7e981b3cd89d7705876f5c75986c1733a91e79a81d0b1b2997de514c788cb8b9ea5584e6211b85755cec69afacf5f91a56168b7613aa4e9d4e2d0e7aa77f""}",0.0732534629996735,7898.292044886,ForkPoolWorker-3,60
200,"{""signature"":""0xb0bdcd016f64fa4a47d89eeced6ca1fe9c266716cea7fb15357083af82b2e56ca6cb13ca9d9b12484722b460947cefe6002357502e24da360266b2b2215a7df8627ffc1275f8fe591dbed8d2578e6b9e8eed174ecbe119f28878096c56bf2dcb""}",0.10030198699951143,7946.359535053,ForkPoolWorker-4,60
200,"{""signature"":""0xb6fde84ae072d6d245e1a218fc136816672e9c0d669cc95102fd9ec8688495d6463069ed88fe301248779770c584731003771aa1e5c1227f0f8a456580aeffb8dc660788303dbc6b12aad5b9a560da9614f9e42aa836f0da1fccb6ab9f453f5d""}",0.08317152400013583,7954.360419449,ForkPoolWorker-4,60
200,"{""signature"":""0x84232d4d1c2ad986fd502b1d4c125f734ba0981d7f7835a1461d78f3a2995538eee63edf9edbaf0a8ff9293bba559b71021faecb9cd773caedf6a9d33b6409f285287a90bae6c6f0001fa933d0d1d0cf5b8fe65269ac42bfed335743c9f6f55e""}",0.08288427300067269,7962.36879653,ForkPoolWorker-4,60
200,"{""signature"":""0x85ff8b1ca25949660730c7a2a2d1a59839b9ac59d010e0fc4531444163c86f3739bbc412c4084063b0464f603b679b4a0734c6510e3be3b809e851f3b2d058f41a2f6aa34f0def1c4656236696d5cf1b637aa1b81ba711dbde6e760892e4bea6""}",0.081839915999808,7906.300158347,ForkPoolWorker-3,60
200,"{""signature"":""0x9463a68c4b4fa6771f7d84c472f458c40574654082ee845444a1aa2ca20483dc8d32503d5c0bb9ee03770c0738e41f9708cbc5bc406feafe96e6949f5a51fd2ccf5b8baa2f8fc9c17ef8f5742d85f2038b90f829d56f6f91c13664a52fd08b05""}",0.08682945999953517,7914.310198373,ForkPoolWorker-3,60
200,"{""signature"":""0x8bee80fd1cc7e6d7cb19c6a772e3b85f7fb99f4035905ae0c63076cc5a42a38fc3b70c2b37f0f6ade8b8dbe3e805f432068ac17ba89011608b09bc990dee0efd61dca8383b01d7766e316eadf28a61d3066b459415c0809a71bb6783b71664a7""}",0.06485913799951959,7922.319067254,ForkPoolWorker-3,60
200,"{""signature"":""0xa0d2b41182c8b180c1ec3b499e59b0e147701f8ea1d96cf0c3f98d891f358ff9f2e5864523128d31ccd93a4b50d2941406170212874ff45c5a206151142259ed8c73e09afc7f996e36215092dca507ec174b8ba5f20dc06d7f8dec5bf5e5aa88""}",0.07338192899987916,7930.328200478,ForkPoolWorker-3,60
200,"{""signature"":""0xa29b650f47b4391ade73861c80eddac1ecb7141926701468f63ba1caa99b260d38a098b26f52455fe6bc0bc78eb312d40bd409c21c1ab1e3a50ccf2b45dec5363d9d747e522710c2bf090b29193260c47554d00082b495d02efe356cfc79a0c1""}",0.08313145100055408,7938.337855733,ForkPoolWorker-3,60
200,"{""signature"":""0xa626d8585191443c8bd9afa9f46ec1bd0cbdff1e50754c1287b7b1f1b07784cab42e18c79b5894ff24a988447da4cff00275cb7d73252ca2ecb4c673c4b1355841b742c04d5fda5b453c48fd5f4d6847c6552147e1f1cc50bbb715ad9e6d915f""}",0.11105284499990375,7946.346165925,ForkPoolWorker-3,60
200,"{""signature"":""0x9688ecbcc1fe0ca620420a495f0f66842f40d8262e5643b78e4e72209c5ccc50d5267b163d1c76f53862e76bdb6cd91e020d340b71e4f21f7a4c754ebb1dbfed12872aa1d88a249f0eebaa19133c46ad1debe950092ee10c4090614698ba3ebf""}",0.068425735999881,7954.35017054,ForkPoolWorker-3,60
200,"{""signature"":""0x8102be95960b681cb4e7abf0fcb74a0028d68e5e4f749df32d7580041eaaba78bbdceeaee197f47f00599db2a9d9859018c105f0efb81621b258f5d29c0c8bbc55903f2f4d2fc98b8f2661027906c5714d6fd4df106c11cbf5fea96e5ff066b8""}",0.0707451870002842,7962.358786086,ForkPoolWorker-3,60
200,"{""signature"":""0x836517956dea045529c184617a8438678335df2c94584a01c75e53af9bbd1b75646a25dceb6603168f5c6e45d01a4acb040128fe2051f23d6f44fa88992514eab6192c5271e1ba92f0e54798646e4d0716a216342723756f6af7d3add1e0a1b2""}",0.09627867299968784,7874.315552392,ForkPoolWorker-2,60
200,"{""signature"":""0xb0ad9a7488871140e8834483b9d4cb25652e913e357acde1955a20cfefa8fcca9baffea5187451294b5e8928c05ff15301a2c3dd37b209582345d8c34af245ef19087ce0d19b78035f9b45fb63ab828fcfe9317262da9473aa430dcc5f7082fd""}",0.07910515000003215,7882.32105644,ForkPoolWorker-2,60
200,"{""signature"":""0xb67a4b8035180e575406379b0d23609ce779449ffbe43e3f02df0dab9c3c3eddcadd8d5c74aea7b2711512f11fd7be660f12a61bdd442c480f7c23058e00c4676c35881e46856e902d747872c4123841fb6efd0849e3849c63e1686648b3df58""}",0.07329603899961512,7890.324096739,ForkPoolWorker-2,60
200,"{""signature"":""0x802df8e8d9b1fbf4d110dd96f7bf6062d28666083a198011a216abd5280c108d91bb7fec0d44ffcc26caf8a11e2f05f007faf1d32b224972755b708966182d7be75cffa50751c6afe04a30c59fc3957ee28617443814fce9398df9c694a2a753""}",0.06656756899974425,7898.330200777,ForkPoolWorker-2,60
200,"{""signature"":""0x982f567aa6ed6c5a65be1400eb6ae4aec9295ebc8cfd3d89d3b0f3720dfda9429d650a2285b32dc2f83d270bd58773040305cc335a84d51e21c84fb6d13d0eed689222c75caa14dffcf5daa62adcd94017f7fa957fd92a40bbada8cf496a61b0""}",0.0693936580000809,7906.338667935,ForkPoolWorker-2,60
200,"{""signature"":""0x9598a4eba50b0e5bf9ad0c49ebbbd2420c7204ece2bb603e1d407d70cf12ff31cf1fbf68429cc25a9ea92b68cd80a9c5040b726cc6b868528b472480c4b6bf3a5b56f854ff1170d88c4065b17e95409e13df53ec7f5935c0d9f563dba76b5136""}",0.09023862300000474,7914.340361861,ForkPoolWorker-2,60
200,"{""signature"":""0x8f0bdc141380c47e67957e3bbad2d28a85dd91a430f25528de6742f8a3dc300fabbde187f7e0a933b63710a849cbb98410491b4a56e87ce1d7c8b0265506ac8c50df386c517f9d60f30c0e37e07e1d2da5043a8a08585b8bf04a96a75b9eaf15""}",0.06973537900012161,7922.348787575,ForkPoolWorker-2,60
200,"{""signature"":""0x882695ce163312b93095daee1b82274214489d97c6f0aba633572a35e27aa37d436f363182b16e848abb5d3690fe7d80019b4eeb26ded2403547d15fcd8dcee1d346ac2cebacd61ee561f9a08e527ed5058dec6a62780bb2ea59e826f7975ba5""}",0.049829943999611714,7930.35015886,ForkPoolWorker-2,60
200,"{""signature"":""0xaa6db92651934817a7a67b4cedb5cbc4fe965718dc1ae4a5e5248e8d4ff93fdd6a040a33a8362ef40534ac7a563d01f30bcdd85160955546b665687baeebbaaed81fdb7aa6e14e91f6d38d40c2e09f3b3ed157018810d30fadaa905febd24457""}",0.07424268500017206,7938.360205548,ForkPoolWorker-2,60
200,"{""signature"":""0xaec4c062333ed13750dcf379caf4f0ee0e039d9dca23398b3f454312fd952198e7c82573a488867f06e9d7e101a3fc50180c2cc2901902b3ff576d095b080d72a4e1b77a5b8c4ed8c517f507b0cd1155cf7a12a8c1d4221857a9aead1f1e84b0""}",0.0676206309999543,7946.3650759,ForkPoolWorker-2,60
200,"{""signature"":""0x8971b5949dc4de00f5f78cb4912bf49405a3d8fd442337d963e76e2c10d53de33490be2749ba3dd87f2603ac9a980b86108b32d9b9c8b8d0143cb7cbf05a4fa13c522240d26782261124bd069b387111f4150b27b574eebaf137fb50f984617b""}",0.06753906500034645,7954.373930789,ForkPoolWorker-2,60
200,"{""signature"":""0x8fd626e1ba34d65a971dd491cddbfaa816676f78b872f28ca94809d85e8ae1dc2bbf40102a29809ac68dbc05626149b719ebc12a2abbaef0755e0e0e84adf8980474b4b29826531efd820fbdd1aadd541fae80895d2415ba45e960ecfbf4114a""}",0.07315323799957696,7962.382693202,ForkPoolWorker-2,60
200,"{""signature"":""0x8f7ffbd7574136b668bb3ec34584afcb925ea92cb8f898dbdcc00215e4080050085ec23f41704e8372cbf7601dc92902046da295935e8ae0e422ee61e69d0532008c70d1517e6be01852979b2578deb0e8173ab7ed8e7b3d25821298de73e31e""}",0.05603309700018144,7970.35396144,ForkPoolWorker-5,60
200,"{""signature"":""0xae346f63a1aebab11859ef8c03e5fe3cc2f36c46d4dcd410f4027640529cefd4e6db2f1ff19240f9523657544170df4517861564bf7845706019e173c53759f9b77990add52b4519957b609c89a999a1aa6967cb68c866b7bd6cc481bde3065b""}",0.0548965819998557,7978.362253943,ForkPoolWorker-5,60
200,"{""signature"":""0xb1309d9161946ebac8e1e95282e2da5709d27c279b30599871f528ecc28752c53c9ed11ce9d208b58b8b066a03e1d0d519ea876721cf0b2edf999896d27a63eb38c8fd23164f159afe86740b28eeec65b09b131f056bdc4e82c192d85242d80c""}",0.06320189999951253,7986.371410142,ForkPoolWorker-5,60
200,"{""signature"":""0x91e10b882cdb39cd551f416023759c2d25cfdb2f850103d294109f208947b42a8a616bdbcd0bf99a815853e4fdde921019a9959983f2d20aa8bb3891c6f40f0b8d75d9d7e07cc79214a13ffb2e788b818b06386d0f1613c92875a2c6396e4c1a""}",0.049279216999821074,7994.379832105,ForkPoolWorker-5,60
